doctor_id,first_name,last_name,gender,date_of_birth,department_id,phone_number,email,years_of_experience
1,Durward,Ahlf,female,1992-10-25,3,257-886-1046,dahlf0@webnode.com,9
2,Gay,Bowe,male,1994-03-25,7,606-453-0910,gbowe1@nature.com,17
3,Zena,Rhodes,male,1978-05-19,12,153-171-6934,zrhodes2@cnn.com,27
4,Guntar,Szymanowski,male,1967-05-03,18,562-618-4346,gszymanowski3@goo.ne.jp,15
5,Carlee,Kirman,female,1975-05-29,5,985-302-5732,ckirman4@marketwatch.com,8
6,Austin,Offer,male,1968-02-21,9,564-886-4955,aoffer5@dell.com,33
7,Marin,Klimko,female,1980-08-29,15,764-990-1627,mklimko6@smh.com.au,13
8,Meridith,Pidler,female,1979-08-10,2,520-913-0148,mpidler7@github.com,12
9,Ruddie,McCrainor,male,1966-09-30,10,140-688-1441,rmccrainor8@theglobeandmail.com,12
10,Fredi,Boome,male,1995-04-03,14,853-790-3877,fboome9@domainmarket.com,10
11,Oralla,Surguine,male,1991-04-04,6,356-236-6013,osurguinea@storify.com,10
12,Evanne,M'Quhan,female,1970-12-14,1,194-939-4577,emquhanb@sfgate.com,8
13,Ruby,Ricarde,female,1980-01-31,8,791-119-8189,rricardec@squarespace.com,14
14,Katrinka,Cuardall,female,1979-04-06,11,371-864-5774,kcuardalld@seesaa.net,20
15,Vidovic,Jereatt,female,1968-07-14,17,632-768-6785,vjereatte@xrea.com,26
16,Paquito,Curner,female,1976-07-30,4,964-484-2939,pcurnerf@soundcloud.com,20
17,Arvin,Ridgedell,female,1991-01-23,20,409-256-2080,aridgedellg@xing.com,32
18,Joshua,Kuhwald,female,1971-04-19,13,468-562-0462,jkuhwaldh@hhs.gov,17
19,Car,Searles,male,1988-09-08,16,297-933-8440,csearlesi@parallels.com,2
20,Madison,Burgh,male,1967-08-05,19,364-208-2296,mburghj@npr.org,21
21,Stillmann,Duckitt,female,1967-11-19,3,953-249-9173,sduckittk@japanpost.jp,28
22,Dorie,Oakinfold,female,1971-01-24,7,616-532-2596,doakinfoldl@huffingtonpost.com,32
23,Dirk,Andrejevic,male,1976-01-12,12,130-979-3672,dandrejevicm@myspace.com,17
24,Ricoriki,Bytheway,male,1968-09-24,18,243-971-0463,rbythewayn@ow.ly,20
25,Corliss,Morgen,male,1991-06-04,5,816-531-8880,cmorgeno@gravatar.com,17
26,Corny,De Robertis,male,1978-08-14,9,979-234-9087,cderobertisp@businessweek.com,24
27,Jaymie,Kedslie,male,1994-08-31,15,325-128-7017,jkedslieq@example.com,6
28,Brande,Hallaways,female,1975-03-20,2,212-432-1725,bhallawaysr@nbcnews.com,33
29,Seamus,Tremolieres,female,1984-07-27,10,227-773-7687,stremolieress@chron.com,11
30,Matthias,MacGovern,male,1989-09-17,14,223-177-8051,mmacgovernt@tinyurl.com,25
31,Kory,Lelande,male,1990-08-01,6,394-665-4987,klelandeu@europa.eu,25
32,Lucius,Spenclay,male,1993-08-19,1,156-563-0761,lspenclayv@army.mil,2
33,Finn,Poundesford,female,1970-08-10,8,229-525-2685,fpoundesfordw@vkontakte.ru,8
34,Gertrude,Follett,male,1988-06-20,11,100-581-6032,gfollettx@webs.com,4
35,Claire,Truwert,female,1975-11-24,17,462-883-0065,ctruwerty@bbb.org,11
36,Eustacia,Benge,male,1973-05-03,4,684-274-9203,ebengez@icq.com,23
37,Spense,O'Flaherty,female,1984-07-07,20,507-308-6454,soflaherty10@chronoengine.com,34
38,Caspar,Bugg,male,1980-12-17,13,503-563-1086,cbugg11@shutterfly.com,7
39,Jamey,Figgen,male,1969-02-17,16,580-301-6179,jfiggen12@scientificamerican.com,26
40,Margarete,Levey,male,1990-07-01,19,782-896-0231,mlevey13@hp.com,7
41,Mohandas,Karim,female,1979-01-18,3,105-152-4629,mkarim14@dion.ne.jp,19
42,Breanne,Katzmann,male,1994-08-03,7,631-797-0035,bkatzmann15@ucoz.com,27
43,Guthry,Oliver,female,1981-01-12,12,812-910-4289,goliver16@furl.net,15
44,Leroi,McOwen,male,1968-12-10,18,893-208-0985,lmcowen17@alexa.com,21
45,Vidovik,Lenton,female,1984-05-28,5,370-381-1643,vlenton18@lulu.com,17
46,Nicolas,Kleinpeltz,female,1966-12-29,9,574-428-3223,nkleinpeltz19@prnewswire.com,31
47,Jania,Mell,female,1968-11-09,15,780-878-7052,jmell1a@posterous.com,15
48,Josefa,Petruskevich,female,1984-08-20,2,198-334-5829,jpetruskevich1b@nymag.com,17
49,Simon,Timlin,female,1972-05-14,10,809-479-4891,stimlin1c@vk.com,23
50,Gilburt,Coultish,male,1979-09-05,14,976-639-4793,gcoultish1d@geocities.com,23
