nurse_id,first_name,last_name,gender,date_of_birth,department_id,phone_number,email,years_of_experience,shift_details
1,Ring,Sawood,male,2002-02-04,3,891-649-0928,rsawood0@ucoz.ru,34,night shift
2,Denny,Scamadin,male,1966-01-01,7,394-455-4207,dscamadin1@census.gov,11,day shift
3,Onida,Rowena,male,1985-03-01,12,410-752-3547,orowena2@csmonitor.com,26,day shift
4,Alanna,Elliff,female,1980-08-04,18,480-384-0068,aelliff3@hostgator.com,1,weekend shift
5,Clarke,Spollen,male,1974-11-19,5,518-399-7209,cspollen4@smh.com.au,3,day shift
6,Kennan,Aldus,female,2001-06-09,9,922-109-1805,kaldus5@ihg.com,20,weekend shift
7,Clarine,Sexon,female,1978-08-23,15,975-301-8071,csexon6@nymag.com,10,night shift
8,Dagmar,Kilford,male,1988-01-10,2,608-528-5421,dkilford7@diigo.com,17,day shift
9,Meredith,Hayselden,female,1994-10-21,10,729-147-8707,mhayselden8@163.com,5,weekend shift
10,Sidonnie,Amori,female,1978-04-18,14,525-440-0996,samori9@simplemachines.org,11,night shift
11,Elizabet,Cummins,male,1983-11-29,6,622-448-6555,ecumminsa@addthis.com,5,night shift
12,Lavina,Cashford,female,2002-09-05,1,434-858-4213,lcashfordb@bloomberg.com,9,day shift
13,Fremont,Halse,female,1969-10-09,8,783-503-6196,fhalsec@example.com,28,weekend shift
14,Ingrid,Tappin,female,2004-05-08,11,707-343-3430,itappind@va.gov,10,weekend shift
15,Milli,Strangward,male,1993-03-15,17,948-692-9020,mstrangwarde@cbslocal.com,35,night shift
16,Humfrey,Denver,female,2005-11-06,4,412-344-2065,hdenverf@google.es,4,weekend shift
17,Fawne,Froggatt,male,2004-12-27,20,875-581-4027,ffroggattg@bigcartel.com,19,day shift
18,Chantalle,Wimmers,male,1982-07-02,13,246-463-9109,cwimmersh@wikispaces.com,21,night shift
19,Chrystal,Cordet,female,1992-04-18,16,362-908-9395,ccordeti@xinhuanet.com,34,weekend shift
20,Benny,Stockau,male,1975-11-10,19,678-738-0620,bstockauj@google.nl,25,weekend shift
21,Rahel,Burel,female,2001-04-26,3,142-117-3638,rburelk@myspace.com,9,night shift
22,Valerye,Ondrus,female,1971-12-06,7,587-197-1565,vondrusl@goodreads.com,27,weekend shift
23,Zachary,Crevagh,male,1985-06-16,12,255-813-9342,zcrevaghm@marriott.com,29,day shift
24,Harriet,Duplain,female,1966-09-18,18,936-657-0318,hduplainn@clickbank.net,32,weekend shift
25,Rickie,Capper,female,1998-08-27,5,317-100-8070,rcappero@privacy.gov.au,18,night shift
26,Lolita,Izzat,male,1992-05-09,9,849-566-0713,lizzatp@is.gd,21,day shift
27,Ashlen,Sharrock,female,2003-09-01,15,456-537-2348,asharrockq@free.fr,9,day shift
28,Charmian,Butterfill,male,1989-12-02,2,198-490-7809,cbutterfillr@ucla.edu,22,day shift
29,Rolf,Thirwell,female,1990-06-10,10,686-189-8355,rthirwells@engadget.com,11,weekend shift
30,Lynda,Pieter,male,1976-11-11,14,774-114-0704,lpietert@miibeian.gov.cn,8,night shift
31,Molli,Mosson,female,2005-02-28,6,535-577-5428,mmossonu@myspace.com,4,night shift
32,Rurik,Frankton,male,1974-04-13,1,984-448-7228,rfranktonv@ameblo.jp,27,day shift
33,Elsinore,Silverlock,male,1969-10-27,8,464-787-1942,esilverlockw@live.com,16,night shift
34,Bernete,Buffery,male,1975-07-17,11,482-193-0535,bbufferyx@oakley.com,28,night shift
35,Brynne,Riepel,male,1967-06-19,17,550-537-9527,briepely@de.vu,19,day shift
36,Juliet,Pestricke,male,1979-12-28,4,598-289-1447,jpestrickez@businesswire.com,23,night shift
37,Dido,Jeremiah,female,1973-03-19,20,248-853-2807,djeremiah10@pagesperso-orange.fr,7,night shift
38,Clarence,Camp,female,2001-10-06,13,170-587-9045,ccamp11@merriam-webster.com,8,weekend shift
39,Robbie,Aikenhead,female,2004-02-14,16,603-319-5166,raikenhead12@tiny.cc,9,night shift
40,Nonah,Desorts,female,1982-08-15,19,548-125-3468,ndesorts13@statcounter.com,16,night shift
41,Towny,Golds,male,1965-08-29,3,919-108-1321,tgolds14@cisco.com,26,night shift
42,Brannon,O Mullen,female,1989-04-05,7,245-170-7521,bomullen15@fastcompany.com,12,night shift
43,Tyler,Naish,female,1965-11-08,12,498-620-3423,tnaish16@opera.com,20,day shift
44,Templeton,Seefeldt,female,1980-09-22,18,252-680-5736,tseefeldt17@studiopress.com,23,night shift
45,Armand,Madelin,male,1976-09-12,5,317-774-4510,amadelin18@free.fr,22,night shift
46,Lela,Hargraves,female,1966-12-05,9,561-905-8958,lhargraves19@geocities.com,24,day shift
47,Joell,Callinan,female,1978-10-26,15,840-750-4067,jcallinan1a@creativecommons.org,2,night shift
48,Dorie,Antonopoulos,male,1976-12-31,2,281-576-0382,dantonopoulos1b@netscape.com,20,day shift
49,Wolfgang,Iacapucci,female,1977-03-10,10,141-898-6126,wiacapucci1c@bloglovin.com,25,weekend shift
50,Wini,Jenteau,female,1968-02-13,14,729-363-2081,wjenteau1d@nature.com,21,night shift
51,Clayson,Gosalvez,female,1989-08-12,6,525-559-3835,cgosalvez1e@artisteer.com,25,weekend shift
52,Betteanne,Derl,female,1967-01-01,1,519-262-1171,bderl1f@wordpress.org,13,night shift
53,Adena,Lydon,female,1975-02-02,8,768-430-4715,alydon1g@paginegialle.it,24,day shift
54,Francoise,Pithcock,female,2002-10-21,11,361-104-9947,fpithcock1h@angelfire.com,30,night shift
55,Layla,Theodore,female,1994-06-02,17,376-533-4841,ltheodore1i@weibo.com,20,night shift
56,Brice,Ochterlony,female,1984-10-19,4,856-814-0913,bochterlony1j@cloudflare.com,14,day shift
57,Jasmina,Bennet,female,2004-06-20,20,914-522-7181,jbennet1k@lycos.com,24,weekend shift
58,Erl,Prys,female,1998-09-09,13,169-908-9070,eprys1l@arizona.edu,28,day shift
59,Simonne,Cathel,female,1982-05-09,16,440-424-9200,scathel1m@twitpic.com,14,weekend shift
60,Maurie,Bowle,female,1980-05-17,19,887-795-4252,mbowle1n@harvard.edu,34,weekend shift
61,Trefor,Fee,male,1988-02-16,3,301-920-7598,tfee1o@nydailynews.com,9,night shift
62,Gizela,Danzig,male,1978-10-28,7,872-126-1176,gdanzig1p@reference.com,28,night shift
63,Boyd,Wilds,female,1965-12-10,12,574-453-8426,bwilds1q@miitbeian.gov.cn,14,night shift
64,Viola,Smith,male,2002-06-27,18,807-656-8413,vsmith1r@squarespace.com,31,weekend shift
65,Sylvester,Pullinger,male,1974-06-12,5,863-449-6853,spullinger1s@nytimes.com,19,weekend shift
66,Lora,Flobert,male,1993-12-27,9,146-212-0191,lflobert1t@webs.com,3,weekend shift
67,Geno,Maceur,female,1997-06-30,15,598-229-7815,gmaceur1u@earthlink.net,3,day shift
68,Francine,Salkeld,female,1985-06-10,2,337-334-1356,fsalkeld1v@umn.edu,6,night shift
69,Brear,Alliband,male,1985-12-01,10,515-716-4775,balliband1w@wikimedia.org,17,night shift
70,Skyler,Franzettoini,male,1989-09-21,14,659-165-1642,sfranzettoini1x@mit.edu,11,night shift
71,Michell,Heiner,female,1976-11-12,6,219-302-1658,mheiner1y@telegraph.co.uk,18,day shift
72,Calla,Jachimczak,male,1991-09-27,1,317-294-8153,cjachimczak1z@linkedin.com,29,weekend shift
73,Aldridge,McGifford,female,1984-09-02,8,210-239-7443,amcgifford20@lycos.com,34,weekend shift
74,Andy,Reiglar,male,1968-12-04,11,302-677-3523,areiglar21@php.net,31,weekend shift
75,Benedetto,Phifer,male,1974-11-02,17,137-489-1304,bphifer22@acquirethisname.com,20,weekend shift
76,Gretal,Boldock,male,1988-06-22,4,580-217-1380,gboldock23@ftc.gov,6,weekend shift
77,Bethina,Pingstone,male,1996-06-12,20,836-948-0532,bpingstone24@studiopress.com,7,day shift
78,Giorgia,Corbin,female,1965-03-07,13,118-646-5523,gcorbin25@yahoo.com,5,day shift
79,Stavros,Tyre,female,1966-11-05,16,571-943-5501,styre26@edublogs.org,15,day shift
80,Fernanda,Diggle,female,2001-02-20,19,198-584-9412,fdiggle27@bandcamp.com,6,weekend shift
81,Evonne,Crottagh,male,1989-02-14,3,245-202-2066,ecrottagh28@smh.com.au,5,day shift
82,Alfons,Wesgate,male,1994-08-08,7,678-384-4553,awesgate29@upenn.edu,16,weekend shift
83,Teador,Spellward,female,1987-02-27,12,824-578-8973,tspellward2a@google.nl,30,weekend shift
84,Evangelia,Heaker,female,1971-10-09,18,773-773-5049,eheaker2b@wufoo.com,20,day shift
85,Axel,Giacomazzo,male,1982-03-15,5,535-993-3399,agiacomazzo2c@flickr.com,20,day shift
86,Rurik,Niccols,female,1979-05-15,9,246-995-7133,rniccols2d@seesaa.net,14,day shift
87,Vernor,Bragginton,female,1974-02-03,15,722-546-4205,vbragginton2e@npr.org,10,day shift
88,Ardisj,Presnell,male,1999-09-05,2,140-460-5040,apresnell2f@barnesandnoble.com,20,night shift
89,Cassondra,Druery,male,1973-01-28,10,145-347-8411,cdruery2g@narod.ru,3,night shift
90,Ernst,Chasney,male,1966-01-28,14,337-575-5217,echasney2h@cisco.com,30,weekend shift
91,Loutitia,Stannering,male,2003-06-15,6,791-921-9681,lstannering2i@berkeley.edu,24,day shift
92,Cornela,Pavic,male,1985-04-11,1,391-878-5282,cpavic2j@washingtonpost.com,13,night shift
93,Cob,Gwyther,female,1999-09-10,8,363-734-4018,cgwyther2k@si.edu,1,night shift
94,Allan,Hinemoor,female,1979-09-14,11,261-455-6842,ahinemoor2l@cnet.com,22,night shift
95,Herby,Ferrelli,male,1999-03-24,17,101-265-7235,hferrelli2m@oracle.com,26,day shift
96,Augustine,Vamplus,male,1967-09-19,4,837-765-7391,avamplus2n@fastcompany.com,19,weekend shift
97,Zorina,Lightbown,male,2004-05-21,20,948-222-0528,zlightbown2o@ezinearticles.com,1,weekend shift
98,Melantha,Baline,female,1991-05-08,13,122-461-2677,mbaline2p@ft.com,18,day shift
99,Lauri,Tidder,male,1970-02-19,16,366-395-8948,ltidder2q@ucsd.edu,10,night shift
100,Ruthann,Probert,male,1977-10-19,19,703-822-9001,rprobert2r@ed.gov,32,day shift
101,Elyn,Gregson,male,1988-02-25,3,537-624-4220,egregson2s@columbia.edu,24,day shift
102,Westbrook,Filde,female,1989-07-02,7,356-677-4542,wfilde2t@com.com,11,day shift
103,Morty,Albiston,female,1995-06-07,12,308-306-6529,malbiston2u@virginia.edu,22,weekend shift
104,Helge,Pregal,male,2002-01-28,18,230-204-3517,hpregal2v@a8.net,34,night shift
105,Lou,McVaugh,male,1976-05-03,5,751-178-7695,lmcvaugh2w@naver.com,33,night shift
106,Cathrin,Sanbroke,female,2003-02-05,9,872-653-3688,csanbroke2x@techcrunch.com,9,night shift
107,Willetta,MacMickan,male,1992-05-13,15,642-776-7394,wmacmickan2y@usa.gov,15,day shift
108,Cahra,Malarkey,male,1997-08-15,2,855-616-5411,cmalarkey2z@harvard.edu,26,day shift
109,Arleen,Eagan,female,2000-11-13,10,357-715-0137,aeagan30@twitpic.com,13,day shift
110,Saleem,Lehrian,female,1982-08-13,14,804-305-2880,slehrian31@umn.edu,18,day shift
111,Rea,Wernham,female,1966-05-31,6,583-351-6483,rwernham32@newyorker.com,30,day shift
112,Buckie,Nizard,female,1984-11-08,1,702-304-4749,bnizard33@bandcamp.com,14,weekend shift
113,Kort,Cassimer,female,1990-01-13,8,321-753-4279,kcassimer34@gravatar.com,18,night shift
114,Maxim,Ghest,male,1983-02-08,11,764-824-5839,mghest35@wiley.com,7,day shift
115,Rutherford,Slarke,male,1972-12-08,17,727-583-0724,rslarke36@is.gd,20,night shift
116,Saloma,Rydzynski,male,1984-04-14,4,650-728-6404,srydzynski37@stanford.edu,9,night shift
117,Gilbert,Radley,female,1996-10-28,20,464-307-1649,gradley38@cargocollective.com,16,day shift
118,Merrilee,Drinkhill,male,2004-08-31,13,916-107-5057,mdrinkhill39@vimeo.com,28,night shift
119,Hillier,Rottgers,male,1992-10-09,16,795-617-5667,hrottgers3a@tumblr.com,29,day shift
120,Alyce,M'Chirrie,male,1969-07-26,19,149-108-5650,amchirrie3b@cpanel.net,7,day shift
121,Horace,Valdes,female,1975-01-25,3,394-908-3806,hvaldes3c@spotify.com,27,night shift
122,Giustino,Daice,male,1970-08-06,7,525-566-4740,gdaice3d@nytimes.com,29,weekend shift
123,Twila,Roll,female,1968-12-21,12,601-159-3899,troll3e@cnbc.com,6,day shift
124,Dexter,Meanwell,female,1968-11-26,18,193-760-9600,dmeanwell3f@state.gov,13,day shift
125,Lucky,Argontt,male,1985-09-04,5,673-800-9517,largontt3g@dropbox.com,18,night shift
126,Susanne,Seegar,female,1972-11-23,9,206-298-9393,sseegar3h@samsung.com,15,night shift
127,Delmor,Paton,male,2005-09-22,15,977-546-4799,dpaton3i@xing.com,11,day shift
128,Lester,Folk,male,2004-05-24,2,861-883-2132,lfolk3j@scribd.com,1,weekend shift
129,Remy,Kenrack,female,2003-04-03,10,409-874-8905,rkenrack3k@acquirethisname.com,7,night shift
130,Marthena,Giffen,female,1979-05-23,14,658-839-2618,mgiffen3l@naver.com,8,day shift
131,Gan,Waything,female,1974-08-04,6,781-182-0743,gwaything3m@nifty.com,13,day shift
132,Madge,Sills,male,1991-03-07,1,786-878-1568,msills3n@xing.com,20,day shift
133,Zorana,Costley,female,1971-03-16,8,359-662-8011,zcostley3o@unc.edu,6,night shift
134,Justin,Lysons,female,1980-11-10,11,174-475-0781,jlysons3p@hao123.com,12,weekend shift
135,Denis,Shorto,male,1981-10-01,17,953-589-4991,dshorto3q@salon.com,28,weekend shift
136,Guglielma,Bolino,male,1967-05-16,4,285-208-9440,gbolino3r@hugedomains.com,30,night shift
137,Blaine,Rodenhurst,female,1982-03-19,20,485-410-3176,brodenhurst3s@twitter.com,8,day shift
138,Ranna,Merrin,male,1999-07-21,13,544-915-4277,rmerrin3t@soundcloud.com,2,night shift
139,Lorie,Toye,male,1994-11-03,16,990-768-7297,ltoye3u@springer.com,34,day shift
140,Taffy,Lount,female,1967-01-19,19,630-921-9378,tlount3v@skyrock.com,32,day shift
141,Salomon,Scopham,male,1993-09-09,3,502-617-8210,sscopham3w@usgs.gov,24,day shift
142,Al,Rawlingson,female,1994-11-21,7,624-804-6084,arawlingson3x@liveinternet.ru,30,day shift
143,Raul,Rimes,male,1980-11-08,12,756-297-6227,rrimes3y@apple.com,8,day shift
144,Cherey,Stanett,female,1991-05-17,18,595-362-7417,cstanett3z@bloomberg.com,34,night shift
145,Bernardo,Batte,female,1985-08-08,5,890-101-9832,bbatte40@deliciousdays.com,15,day shift
146,Janessa,Severs,male,1969-04-14,9,245-434-7433,jsevers41@skype.com,24,day shift
147,Doy,Kneath,female,1988-05-11,15,929-542-7682,dkneath42@reuters.com,12,night shift
148,Raye,Dunham,male,1973-12-20,2,136-696-2881,rdunham43@acquirethisname.com,28,day shift
149,Chen,Zuan,male,1993-08-11,10,532-280-3628,czuan44@usatoday.com,6,weekend shift
150,Donetta,Heatherington,male,1996-12-02,14,332-999-6541,dheatherington45@nsw.gov.au,22,night shift
151,Lynnett,O'Geneay,female,1978-02-24,6,358-204-1299,logeneay46@examiner.com,7,night shift
152,Ibbie,Tuppeny,female,1980-02-27,1,123-558-6565,ituppeny47@miitbeian.gov.cn,4,day shift
153,Kayne,Koche,male,1989-11-16,8,875-845-8305,kkoche48@jiathis.com,15,day shift
154,Kelsi,Durban,male,1992-04-25,11,634-920-0649,kdurban49@quantcast.com,10,night shift
155,Talbert,Davys,male,2000-12-02,17,513-263-8688,tdavys4a@webs.com,22,day shift
156,Cora,Turbill,male,1969-01-05,4,261-426-4871,cturbill4b@ezinearticles.com,7,day shift
157,Filbert,Twinn,male,2000-08-06,20,413-226-3165,ftwinn4c@google.cn,20,night shift
158,Nora,Hauck,male,2002-09-15,13,349-147-1203,nhauck4d@nature.com,7,night shift
159,Jenifer,Brymham,female,1994-01-15,16,648-223-6238,jbrymham4e@simplemachines.org,7,day shift
160,Simmonds,Londesborough,female,2005-02-04,19,814-174-6612,slondesborough4f@icq.com,23,night shift
161,Jocelin,Spillett,male,1988-04-28,3,965-391-8705,jspillett4g@webmd.com,26,night shift
162,Cybill,Cockran,female,1975-11-24,7,229-995-0490,ccockran4h@list-manage.com,30,night shift
163,Kacie,D'Oyly,male,1974-03-27,12,597-542-2837,kdoyly4i@biglobe.ne.jp,3,night shift
164,Derwin,Celle,male,1968-07-18,18,762-778-7458,dcelle4j@yahoo.co.jp,3,night shift
165,Gerladina,Smalley,male,1977-06-28,5,160-948-0314,gsmalley4k@about.me,21,night shift
166,Dell,Burchnall,male,1975-04-15,9,161-777-7534,dburchnall4l@delicious.com,20,day shift
167,Elly,Ugo,female,2001-11-08,15,187-265-6162,eugo4m@hao123.com,8,night shift
168,Sallee,Gore,female,1991-03-16,2,603-785-9469,sgore4n@tinyurl.com,29,night shift
169,Orv,Genese,male,1971-04-27,10,327-595-9784,ogenese4o@answers.com,5,night shift
170,Benni,Maulin,male,2004-09-16,14,353-489-1927,bmaulin4p@wix.com,25,night shift
171,Anne-marie,Merrell,male,1984-07-16,6,719-805-1338,amerrell4q@comcast.net,27,day shift
172,Laurette,Eustice,male,1986-09-10,1,800-190-1756,leustice4r@vk.com,12,night shift
173,Mariette,Casse,female,1974-05-22,8,710-735-1992,mcasse4s@google.it,21,night shift
174,Elbertine,Haldon,female,1967-09-21,11,484-342-3815,ehaldon4t@over-blog.com,4,weekend shift
175,Giffie,Bennetto,male,1995-05-18,17,492-913-9652,gbennetto4u@godaddy.com,34,weekend shift
176,Barrie,Mallia,male,1987-07-28,4,407-461-8954,bmallia4v@toplist.cz,16,day shift
177,Arvie,Friday,female,1973-01-20,20,561-872-8717,afriday4w@dedecms.com,13,night shift
178,Karia,Laxe,female,1983-11-06,13,601-890-5865,klaxe4x@php.net,31,weekend shift
179,Gunter,Hubback,female,1967-03-21,16,695-135-8200,ghubback4y@si.edu,23,weekend shift
180,Jorey,Mangenet,male,1971-04-20,19,878-701-6568,jmangenet4z@quantcast.com,11,night shift
181,Dyann,Millan,female,1992-04-09,3,245-530-4663,dmillan50@paypal.com,5,day shift
182,Krystle,Egell,male,1987-11-22,7,677-322-0602,kegell51@ucsd.edu,22,day shift
183,Sophi,Tenwick,female,1970-08-25,12,707-949-4074,stenwick52@businesswire.com,20,night shift
184,Emyle,Rutherford,female,1991-05-23,18,312-768-2199,erutherford53@1und1.de,6,night shift
185,Jamal,Tonepohl,male,1983-01-10,5,962-144-0985,jtonepohl54@imageshack.us,9,day shift
186,Deedee,Brownsall,female,1996-05-19,9,997-838-2851,dbrownsall55@eventbrite.com,21,day shift
187,Brittney,Ortiger,male,1998-10-06,15,664-672-5861,bortiger56@de.vu,13,day shift
188,Trix,Joddins,male,2005-01-28,2,953-908-0040,tjoddins57@vk.com,35,day shift
189,Wang,O'Kieran,female,2003-12-25,10,427-455-8506,wokieran58@sitemeter.com,2,night shift
190,Ange,Remmer,male,1988-01-02,14,625-224-5647,aremmer59@csmonitor.com,4,weekend shift
191,Othilia,Godly,female,2005-02-25,6,679-543-0762,ogodly5a@alexa.com,10,day shift
192,Niki,Hutchence,female,1981-02-23,1,339-760-3858,nhutchence5b@angelfire.com,15,night shift
193,Louise,Elton,male,1975-10-12,8,766-648-7231,lelton5c@smh.com.au,17,night shift
194,Berry,Capitano,female,1986-11-23,11,390-363-8920,bcapitano5d@cyberchimps.com,3,weekend shift
195,Cortney,Witsey,female,2004-05-11,17,387-580-8695,cwitsey5e@newyorker.com,35,day shift
196,Tommy,Juara,female,2003-09-06,4,108-961-1104,tjuara5f@msn.com,12,night shift
197,Torey,Fair,female,1986-07-02,20,790-775-9397,tfair5g@dell.com,29,night shift
198,Dee,Battista,male,2000-07-27,13,704-196-6527,dbattista5h@baidu.com,25,night shift
199,Chlo,Torpie,male,1967-03-08,16,941-375-6054,ctorpie5i@tinypic.com,19,day shift
200,Cherida,Fateley,female,1998-01-10,19,250-317-1363,cfateley5j@psu.edu,2,day shift
201,Bartholomeus,Emor,male,1982-11-26,3,507-317-3433,bemor5k@ebay.com,29,day shift
202,Randall,Ballinghall,female,1970-08-04,7,116-433-0596,rballinghall5l@vimeo.com,33,day shift
203,Dew,Georgeau,female,1988-11-08,12,313-384-8863,dgeorgeau5m@cyberchimps.com,16,day shift
204,Bax,Pymar,male,1978-08-09,18,146-522-0462,bpymar5n@comsenz.com,2,day shift
205,Thorn,Breinlein,female,1974-02-19,5,799-350-1120,tbreinlein5o@yahoo.com,26,night shift
206,Ofelia,Hussey,female,1974-07-01,9,984-877-3738,ohussey5p@cornell.edu,4,day shift
207,Fredra,Chastelain,male,1996-07-17,15,459-193-4834,fchastelain5q@umich.edu,25,day shift
208,Maximo,Landrick,male,1975-08-19,2,640-324-2797,mlandrick5r@last.fm,23,weekend shift
209,Brina,Emer,female,1974-12-26,10,961-321-9901,bemer5s@google.co.uk,32,day shift
210,Berty,Spring,female,2004-10-28,14,151-709-7251,bspring5t@foxnews.com,35,day shift
211,Staci,Casillis,female,1968-11-13,6,675-450-7831,scasillis5u@thetimes.co.uk,3,weekend shift
212,Clarie,Kindleside,male,2005-05-12,1,565-660-0440,ckindleside5v@over-blog.com,17,weekend shift
213,Brinn,Bentinck,female,1993-01-31,8,755-595-7083,bbentinck5w@purevolume.com,35,day shift
214,Whittaker,Doag,female,1966-07-04,11,320-246-5336,wdoag5x@noaa.gov,20,day shift
215,Wilek,Emanuele,male,2000-12-14,17,640-775-1079,wemanuele5y@gravatar.com,32,day shift
216,Orly,Grotty,female,1995-08-25,4,662-559-5249,ogrotty5z@list-manage.com,32,night shift
217,Sigismond,Brazer,male,1976-01-15,20,883-908-5796,sbrazer60@google.com.au,7,day shift
218,Brennen,Jeroch,male,1984-11-18,13,916-552-9466,bjeroch61@usnews.com,6,day shift
219,Orazio,Scouller,male,1991-11-10,16,459-132-7825,oscouller62@skype.com,15,night shift
220,Ruby,Plewman,female,1989-01-28,19,243-816-6230,rplewman63@dion.ne.jp,31,day shift
221,Lianne,Archley,male,1992-08-29,3,716-421-3431,larchley64@behance.net,18,night shift
222,Wynnie,McNee,female,1979-03-05,7,707-659-0368,wmcnee65@mit.edu,21,day shift
223,Jeanette,Rasell,female,1998-10-13,12,319-578-5538,jrasell66@geocities.com,35,weekend shift
224,Conni,Baistow,female,1997-03-18,18,529-843-6093,cbaistow67@bandcamp.com,4,night shift
225,Clem,Claricoates,male,1981-12-25,5,237-105-7725,cclaricoates68@weibo.com,28,day shift
226,Marion,Rogans,female,1969-09-10,9,318-688-8846,mrogans69@wsj.com,5,weekend shift
227,Ingram,Larratt,male,1975-11-02,15,846-853-5412,ilarratt6a@npr.org,7,night shift
228,Dud,Learmount,male,1970-03-29,2,613-813-2861,dlearmount6b@deviantart.com,7,night shift
229,Sallee,Murtagh,male,1990-02-23,10,434-153-0286,smurtagh6c@123-reg.co.uk,30,day shift
230,Renard,Birkett,female,1992-09-05,14,339-335-1187,rbirkett6d@google.ru,20,night shift
231,Shirlee,Anear,male,1990-08-23,6,855-402-0114,sanear6e@ovh.net,14,weekend shift
232,Michaela,Minchindon,female,1986-01-19,1,786-889-0267,mminchindon6f@i2i.jp,10,night shift
233,Gusty,Ripsher,male,2004-01-01,8,287-756-5565,gripsher6g@oracle.com,29,night shift
234,Karie,Macklin,female,1999-12-24,11,119-544-4177,kmacklin6h@xing.com,27,day shift
235,Archy,Kippling,male,1985-10-27,17,540-139-5128,akippling6i@smh.com.au,25,day shift
236,Tamara,Poles,female,1982-11-20,4,827-567-7935,tpoles6j@opera.com,27,night shift
237,Christiana,Tadd,female,1985-02-16,20,129-605-8695,ctadd6k@usda.gov,16,day shift
238,Verne,Roycroft,female,1973-09-05,13,720-444-7071,vroycroft6l@disqus.com,34,night shift
239,Sullivan,Heild,female,1971-01-12,16,679-675-9723,sheild6m@drupal.org,24,night shift
240,Nial,Kleinpeltz,female,1971-10-13,19,561-983-0565,nkleinpeltz6n@miitbeian.gov.cn,32,day shift
241,Oralla,Melsom,female,1985-03-02,3,194-298-4638,omelsom6o@cargocollective.com,10,night shift
242,Annnora,Jenteau,female,1982-05-17,7,603-182-8743,ajenteau6p@google.es,18,night shift
243,Pen,Lemery,male,1989-04-20,12,941-273-8892,plemery6q@edublogs.org,34,weekend shift
244,Malvina,Tonge,female,1988-09-08,18,556-904-3556,mtonge6r@hao123.com,35,weekend shift
245,Carlee,Franceschino,female,1982-10-02,5,289-446-1659,cfranceschino6s@bizjournals.com,23,night shift
246,Antonina,Sivewright,female,1966-07-03,9,462-128-4725,asivewright6t@japanpost.jp,14,night shift
247,Brynna,Narraway,male,1991-09-11,15,962-695-1334,bnarraway6u@liveinternet.ru,14,day shift
248,Tim,Tremblet,male,1978-08-23,2,969-720-3998,ttremblet6v@newsvine.com,22,weekend shift
249,Moria,Djekovic,male,1987-06-09,10,569-277-4013,mdjekovic6w@economist.com,10,night shift
250,Shem,Scading,female,1999-10-11,14,146-103-1710,sscading6x@merriam-webster.com,31,weekend shift
251,Bobine,Saffran,female,1986-10-11,6,131-906-1884,bsaffran6y@ask.com,14,night shift
252,Peterus,Lytle,male,1993-10-30,1,189-262-4727,plytle6z@dmoz.org,34,day shift
253,Alanna,Bafford,female,2005-02-14,8,398-991-4742,abafford70@thetimes.co.uk,9,night shift
254,Keelia,Edge,male,1977-11-21,11,247-169-6063,kedge71@flavors.me,27,day shift
255,Erasmus,Risom,female,1984-03-25,17,717-844-5379,erisom72@craigslist.org,32,day shift
256,Cameron,Filov,female,2002-07-19,4,604-398-2979,cfilov73@zdnet.com,24,night shift
257,Boy,Folonin,male,1989-08-04,20,921-951-9551,bfolonin74@php.net,1,night shift
258,Arturo,Pozzi,male,1982-10-19,13,102-999-2069,apozzi75@mit.edu,30,weekend shift
259,Josias,O'Loghlen,male,1997-02-26,16,431-981-5131,jologhlen76@apple.com,10,day shift
260,Collen,Juhruke,female,1988-02-16,19,188-735-3771,cjuhruke77@smh.com.au,11,day shift
261,Eda,Yurmanovev,female,1967-09-09,3,910-185-8177,eyurmanovev78@ibm.com,29,weekend shift
262,Penn,Mayler,female,1973-03-31,7,602-493-8016,pmayler79@last.fm,29,night shift
263,Gill,Betje,female,1972-08-20,12,956-656-1888,gbetje7a@phoca.cz,33,night shift
264,Doris,Symper,female,1974-05-02,18,304-576-4616,dsymper7b@gizmodo.com,17,weekend shift
265,Cybil,Strute,female,1965-09-30,5,282-951-8077,cstrute7c@simplemachines.org,33,night shift
266,Dora,Addington,male,1983-12-03,9,586-690-3211,daddington7d@foxnews.com,15,day shift
267,Joby,Delle,male,1970-07-16,15,429-583-2601,jdelle7e@guardian.co.uk,13,night shift
268,Skye,Hayfield,male,1972-12-23,2,187-860-0565,shayfield7f@imageshack.us,35,night shift
269,Randi,Nellis,female,1969-01-21,10,241-864-6921,rnellis7g@jimdo.com,25,day shift
270,Irving,Menichini,male,1980-03-31,14,936-734-3566,imenichini7h@eepurl.com,12,night shift
271,Inglis,Maple,male,1969-11-28,6,685-760-6353,imaple7i@oaic.gov.au,22,night shift
272,Elnar,Jacob,male,1999-02-28,1,336-866-1297,ejacob7j@wired.com,34,night shift
273,Reina,Levins,male,2000-02-04,8,992-981-7103,rlevins7k@columbia.edu,11,night shift
274,Barry,Wasson,male,1976-09-07,11,694-290-2848,bwasson7l@weather.com,1,day shift
275,Stacia,Whitney,female,1975-08-29,17,313-323-0559,swhitney7m@marriott.com,31,day shift
276,Mariam,Ounsworth,male,1992-06-13,4,809-293-1714,mounsworth7n@yelp.com,16,night shift
277,Edin,Hatrick,male,1993-07-25,20,529-443-9220,ehatrick7o@xing.com,24,day shift
278,Kenon,Allawy,male,1998-09-11,13,212-841-0041,kallawy7p@angelfire.com,31,night shift
279,Tarra,Greves,female,1995-09-28,16,460-293-1637,tgreves7q@illinois.edu,33,day shift
280,Olwen,Prater,female,1978-10-24,19,752-108-8488,oprater7r@hc360.com,32,night shift
281,Renell,Kareman,female,1992-03-28,3,569-584-9962,rkareman7s@typepad.com,32,day shift
282,Felipa,Whetland,female,1971-12-11,7,424-328-6118,fwhetland7t@twitter.com,15,night shift
283,Philip,Katzmann,female,1987-02-12,12,885-210-3180,pkatzmann7u@taobao.com,30,weekend shift
284,Garner,Dundridge,female,1990-11-16,18,971-281-3966,gdundridge7v@icio.us,1,night shift
285,Basile,Olyfant,female,1991-03-09,5,724-592-9352,bolyfant7w@istockphoto.com,25,weekend shift
286,Trixie,Ortes,female,1985-05-20,9,151-766-0542,tortes7x@deviantart.com,16,night shift
287,Ashley,Tapenden,female,1965-03-01,15,447-721-0210,atapenden7y@bbb.org,2,night shift
288,Krystalle,Keuntje,male,1984-11-20,2,731-499-3281,kkeuntje7z@google.com.hk,13,night shift
289,Donni,Shepherd,female,1971-11-11,10,194-740-4196,dshepherd80@disqus.com,31,weekend shift
290,Alexander,Durtnell,male,1980-07-17,14,458-882-6190,adurtnell81@flickr.com,35,day shift
291,Henrieta,Ethelstone,female,2004-02-28,6,740-620-3277,hethelstone82@dyndns.org,9,day shift
292,Lora,Saddleton,male,1968-06-04,1,834-382-8992,lsaddleton83@pinterest.com,2,day shift
293,Rahel,Montacute,male,1967-05-22,8,719-757-6400,rmontacute84@slate.com,31,night shift
294,Timoteo,Hares,male,1968-02-12,11,950-581-7431,thares85@symantec.com,10,night shift
295,Dona,Tointon,male,1987-12-07,17,716-802-2729,dtointon86@slashdot.org,1,day shift
296,Cece,Pashler,male,1990-04-03,4,504-689-4566,cpashler87@chicagotribune.com,5,day shift
297,Bastian,Gabites,female,1990-07-17,20,859-871-5148,bgabites88@zdnet.com,20,weekend shift
298,Gorden,Donke,male,2001-01-01,13,856-120-8640,gdonke89@hhs.gov,4,weekend shift
299,Bartel,Gaddas,male,1971-07-28,16,708-379-1439,bgaddas8a@ebay.co.uk,8,day shift
300,Vernice,Delacour,male,1970-05-27,19,898-368-1730,vdelacour8b@phpbb.com,25,night shift
