id,first_name,last_name,email,gender,ip_address
1,Stacie,Ege,sege0@unicef.org,Female,4.100.72.128
2,Kaylyn,Byrkmyr,kbyrkmyr1@people.com.cn,Female,65.85.6.161
3,Kirby,Cheavin,kcheavin2@free.fr,Female,98.180.109.187
4,Collin,Greenless,cgreenless3@behance.net,Male,97.166.93.58
5,Kirbee,Paver,kpaver4@vk.com,Female,15.249.199.56
6,Martina,Dilliston,mdilliston5@alibaba.com,Female,218.170.54.96
7,Didi,Adnett,dadnett6@vimeo.com,Female,82.206.255.227
8,Hebert,Lewry,hlewry7@time.com,Male,249.33.153.222
9,Maighdiln,Iwanowski,miwanowski8@intel.com,Polygender,227.130.194.3
10,Rogerio,Wylie,rwylie9@wikipedia.org,Male,32.19.253.92
11,Brittan,Hydes,bhydesa@un.org,Female,247.135.112.133
12,Raquel,Gegg,rgeggb@twitter.com,Female,179.35.101.38
13,Ursala,Cormack,ucormackc@so-net.ne.jp,Female,150.244.236.116
14,Avril,Riddiford,ariddifordd@github.io,Female,107.45.11.141
15,Claudina,Rehme,crehmee@chron.com,Female,108.226.127.6
16,Evelyn,Marriner,emarrinerf@creativecommons.org,Female,66.25.60.239
17,Sara,Steventon,ssteventong@un.org,Female,60.127.50.100
18,Nataniel,Prater,npraterh@nasa.gov,Male,172.169.188.238
19,Sean,Ledrun,sledruni@barnesandnoble.com,Male,103.15.194.105
20,Dyan,Demogeot,ddemogeotj@exblog.jp,Female,225.238.219.152
21,Nickolaus,Cund,ncundk@issuu.com,Male,51.250.249.85
22,Billy,Niblett,bniblettl@answers.com,Female,151.198.228.24
23,Vaughan,Dickenson,vdickensonm@altervista.org,Male,69.116.3.211
24,Adrianne,Tibbetts,atibbettsn@usgs.gov,Female,203.99.224.138
25,Griz,Springer,gspringero@yelp.com,Male,129.103.7.3
26,Alano,Restill,arestillp@sun.com,Male,165.73.116.41
27,Clevey,Fowden,cfowdenq@mysql.com,Agender,214.77.135.171
28,Jesselyn,Tapson,jtapsonr@list-manage.com,Female,160.105.92.131
29,Kristofer,Milberry,kmilberrys@wikia.com,Male,145.40.111.1
30,Christian,Risso,crissot@businessweek.com,Male,253.164.119.255
31,Cordie,Brittan,cbrittanu@wikia.com,Female,151.168.191.255
32,Guthrie,Harpham,gharphamv@wired.com,Male,135.212.53.217
33,Nataniel,Zanazzi,nzanazziw@hp.com,Male,121.200.211.238
34,Temp,Wallhead,twallheadx@hatena.ne.jp,Male,105.218.46.205
35,Rurik,Arber,rarbery@jiathis.com,Male,220.53.172.61
36,Shaine,Dumingo,sdumingoz@prlog.org,Female,180.135.229.103
37,Allie,Screaton,ascreaton10@zdnet.com,Male,40.251.79.155
38,Itch,Kirk,ikirk11@seattletimes.com,Male,199.231.64.93
39,Bernadina,Cocker,bcocker12@answers.com,Female,52.17.228.57
40,Elihu,McClune,emcclune13@mysql.com,Male,95.120.20.204
41,Tiffie,Thorouggood,tthorouggood14@upenn.edu,Female,88.212.79.242
42,Marcella,Gepson,mgepson15@cam.ac.uk,Female,151.77.146.153
43,Gideon,Leathes,gleathes16@reverbnation.com,Male,108.129.179.52
44,Katalin,Kubczak,kkubczak17@163.com,Female,19.123.131.43
45,Tallou,Le Floch,tlefloch18@wired.com,Female,187.135.161.253
46,Gabie,Wyburn,gwyburn19@amazon.co.uk,Male,65.214.98.106
47,Humberto,Tampen,htampen1a@geocities.com,Male,58.235.70.218
48,Harwell,Boliver,hboliver1b@guardian.co.uk,Male,232.247.96.32
49,Allene,Carvilla,acarvilla1c@nih.gov,Female,135.138.179.150
50,Lucius,O'Looney,lolooney1d@springer.com,Male,38.244.236.164
51,Nefen,Dorward,ndorward1e@google.it,Genderqueer,67.201.111.248
52,Onida,Casley,ocasley1f@google.co.uk,Female,139.62.112.52
53,Ebba,Simionato,esimionato1g@squidoo.com,Female,104.42.238.133
54,Edita,Loudyan,eloudyan1h@prlog.org,Female,229.7.15.210
55,Stanfield,Chiverstone,schiverstone1i@cloudflare.com,Male,218.227.184.217
56,Woodrow,Ardron,wardron1j@mlb.com,Male,222.36.227.143
57,Walker,Storey,wstorey1k@netscape.com,Male,26.228.25.221
58,Christopher,Bercher,cbercher1l@phpbb.com,Male,101.198.219.131
59,Gus,Leyrroyd,gleyrroyd1m@dmoz.org,Genderfluid,149.46.180.145
60,Terza,Limpricht,tlimpricht1n@cbslocal.com,Female,100.64.50.127
61,Erhard,Da Costa,edacosta1o@microsoft.com,Male,116.29.98.145
62,Rosemarie,Selvey,rselvey1p@comcast.net,Female,141.194.210.253
63,Jonah,Ivchenko,jivchenko1q@spotify.com,Male,38.175.136.122
64,Ramsey,Hourican,rhourican1r@unc.edu,Male,71.89.75.30
65,Mandel,Simanek,msimanek1s@mediafire.com,Male,186.31.227.53
66,Pablo,Winterscale,pwinterscale1t@forbes.com,Male,154.106.177.4
67,Alexandre,Lavrinov,alavrinov1u@umn.edu,Male,13.115.10.5
68,Bess,Jablonski,bjablonski1v@theguardian.com,Female,149.196.29.154
69,Goldia,Hark,ghark1w@shareasale.com,Female,136.229.117.30
70,Karleen,Dodds,kdodds1x@about.com,Female,91.104.130.168
71,Walton,McHenry,wmchenry1y@miitbeian.gov.cn,Male,118.58.162.140
72,Guthrey,Medley,gmedley1z@hibu.com,Male,146.76.226.130
73,Levi,Chapple,lchapple20@pen.io,Male,63.191.101.4
74,Kyle,Heimann,kheimann21@eepurl.com,Female,86.20.233.241
75,Lyell,Paschek,lpaschek22@people.com.cn,Male,216.116.172.103
76,Natalee,de Wilde,ndewilde23@archive.org,Female,113.18.143.81
77,Sybila,Deftie,sdeftie24@amazonaws.com,Female,126.218.49.127
78,Daune,Cartmel,dcartmel25@mtv.com,Female,253.113.241.13
79,Sarina,Aleixo,saleixo26@oakley.com,Female,109.50.169.92
80,Carie,Marshman,cmarshman27@ning.com,Female,7.251.56.85
81,Lucretia,Eicke,leicke28@goodreads.com,Female,156.232.197.240
82,Gwenore,Tarburn,gtarburn29@sogou.com,Female,232.84.166.86
83,Teriann,Maier,tmaier2a@wikipedia.org,Female,111.192.137.59
84,Merwin,Jaan,mjaan2b@nature.com,Male,53.95.53.108
85,Dorie,Trussler,dtrussler2c@forbes.com,Female,53.78.247.6
86,Berta,Blincko,bblincko2d@desdev.cn,Female,17.250.43.199
87,Tierney,Beisley,tbeisley2e@foxnews.com,Female,137.2.86.250
88,Orv,Akast,oakast2f@comcast.net,Male,212.53.79.217
89,Boothe,Grice,bgrice2g@last.fm,Male,84.151.184.26
90,Tammie,Sperski,tsperski2h@bbb.org,Bigender,0.5.183.143
91,Aristotle,Bourget,abourget2i@wikia.com,Male,43.46.237.230
92,Dallas,Woodfin,dwoodfin2j@paginegialle.it,Male,235.92.147.245
93,Tricia,Gazey,tgazey2k@ning.com,Non-binary,196.97.17.232
94,Herc,Mettetal,hmettetal2l@wiley.com,Male,42.67.98.151
95,Milicent,Grigoire,mgrigoire2m@forbes.com,Female,196.221.252.163
96,Delmar,Benedyktowicz,dbenedyktowicz2n@chron.com,Male,238.160.177.9
97,Grove,Mosco,gmosco2o@ow.ly,Bigender,250.98.128.234
98,Salomo,Guilbert,sguilbert2p@squarespace.com,Male,249.63.195.154
99,Roselia,Scay,rscay2q@blogtalkradio.com,Female,51.26.249.166
100,Lyndsay,Melin,lmelin2r@ow.ly,Female,132.217.22.174
